{"get":"statistics","parameters":[],"errors":[],"results":224,"response":[{"country":"China","cases":{"new":"+16","active":1041,"critical":85,"recovered":77062,"total":82735},"deaths":{"new":null,"total":4632},"tests":{"total":null},"day":"2020-04-19","time":"2020-04-19T11:45:07+00:00"},{"country":"Italy","cases":{"new":"+3491","active":107771,"critical":2733,"recovered":44927,"total":175925},"deaths":{"new":"+482","total":23227},"tests":{"total":1305833},"day":"2020-04-19","time":"2020-04-19T11:45:07+00:00"},{"country":"Spain","cases":{"new":"+1528","active":98134,"critical":7371,"recovered":77357,"total":195944},"deaths":{"new":"+410","total":20453},"tests":{"total":930230},"day":"2020-04-19","time":"2020-04-19T11:45:07+00:00"},{"country":"USA","cases":{"new":"+131","active":631623,"critical":13551,"recovered":68285,"total":738923},"deaths":{"new":"+1","total":39015},"tests":{"total":3722209},"day":"2020-04-19","time":"2020-04-19T11:45:07+00:00"},{"country":"Germany","cases":{"new":"+55","active":51236,"critical":2922,"recovered":88000,"total":143779},"deaths":{"new":"+5","total":4543},"tests":{"total":1728357},"day":"2020-04-19","time":"2020-04-19T11:45:07+00:00"},{"country":"Iran","cases":{"new":"+1343","active":20070,"critical":3456,"recovered":57023,"total":82211},"deaths":{"new":"+87","total":5118},"tests":{"total":341662},"day":"2020-04-19","time":"2020-04-19T11:45:07+00:00"},{"country":"France","cases":{"new":"+3824","active":96487,"critical":5833,"recovered":35983,"total":151793},"deaths":{"new":"+642","total":19323},"tests":{"total":463662},"day":"2020-04-19","time":"2020-04-19T11:45:07+00:00"},{"country":"S-Korea","cases":{"new":"+8","active":2385,"critical":55,"recovered":8042,"total":10661},"deaths":{"new":"+2","total":234},"tests":{"total":559109},"day":"2020-04-19","time":"2020-04-19T11:45:07+00:00"},{"country":"Switzerland","cases":{"new":"+326","active":8936,"critical":386,"recovered":17100,"total":27404},"deaths":{"new":"+41","total":1368},"tests":{"total":216400},"day":"2020-04-19","time":"2020-04-19T11:45:07+00:00"},{"country":"UK","cases":{"new":"+5525","active":98409,"critical":1559,"recovered":0,"total":114217},"deaths":{"new":"+888","total":15464},"tests":{"total":460437},"day":"2020-04-19","time":"2020-04-19T11:45:07+00:00"},{"country":"Netherlands","cases":{"new":"+1140","active":27738,"critical":1279,"recovered":250,"total":31589},"deaths":{"new":"+142","total":3601},"tests":{"total":154911},"day":"2020-04-19","time":"2020-04-19T11:45:07+00:00"},{"country":"Austria","cases":{"new":"+10","active":3737,"critical":204,"recovered":10501,"total":14681},"deaths":{"new":null,"total":443},"tests":{"total":179243},"day":"2020-04-19","time":"2020-04-19T11:45:07+00:00"},{"country":"Belgium","cases":{"new":"+1313","active":24056,"critical":1081,"recovered":8757,"total":38496},"deaths":{"new":"+230","total":5683},"tests":{"total":153778},"day":"2020-04-19","time":"2020-04-19T11:45:07+00:00"},{"country":"Norway","cases":{"new":"+33","active":6872,"critical":58,"recovered":32,"total":7069},"deaths":{"new":"+1","total":165},"tests":{"total":139668},"day":"2020-04-19","time":"2020-04-19T11:45:07+00:00"},{"country":"Sweden","cases":{"new":"+606","active":11761,"critical":1054,"recovered":550,"total":13822},"deaths":{"new":"+111","total":1511},"tests":{"total":74600},"day":"2020-04-19","time":"2020-04-19T11:45:07+00:00"},{"country":"Canada","cases":{"new":"+1456","active":20706,"critical":557,"recovered":11207,"total":33383},"deaths":{"new":"+160","total":1470},"tests":{"total":516216},"day":"2020-04-19","time":"2020-04-19T11:45:07+00:00"},{"country":"Denmark","cases":{"new":"+169","active":3049,"critical":76,"recovered":3847,"total":7242},"deaths":{"new":"+10","total":346},"tests":{"total":91437},"day":"2020-04-19","time":"2020-04-19T11:45:07+00:00"},{"country":"Portugal","cases":{"new":"+521","active":18882,"critical":224,"recovered":610,"total":20206},"deaths":{"new":"+27","total":714},"tests":{"total":235878},"day":"2020-04-19","time":"2020-04-19T11:45:07+00:00"},{"country":"Malaysia","cases":{"new":"+84","active":2103,"critical":46,"recovered":3197,"total":5389},"deaths":{"new":"+1","total":89},"tests":{"total":100794},"day":"2020-04-19","time":"2020-04-19T11:45:07+00:00"},{"country":"Brazil","cases":{"new":"+203","active":20527,"critical":6634,"recovered":14026,"total":36925},"deaths":{"new":"+11","total":2372},"tests":{"total":62985},"day":"2020-04-19","time":"2020-04-19T11:45:07+00:00"},{"country":"Australia","cases":{"new":"+20","active":2306,"critical":48,"recovered":4230,"total":6606},"deaths":{"new":null,"total":70},"tests":{"total":420996},"day":"2020-04-19","time":"2020-04-19T11:45:07+00:00"},{"country":"Japan","cases":{"new":"+509","active":9005,"critical":221,"recovered":1069,"total":10296},"deaths":{"new":"+32","total":222},"tests":{"total":111325},"day":"2020-04-19","time":"2020-04-19T11:45:07+00:00"},{"country":"Czechia","cases":{"new":"+51","active":5241,"critical":84,"recovered":1235,"total":6657},"deaths":{"new":null,"total":181},"tests":{"total":168096},"day":"2020-04-19","time":"2020-04-19T11:45:07+00:00"},{"country":"Turkey","cases":{"new":"+3783","active":69986,"critical":1894,"recovered":10453,"total":82329},"deaths":{"new":"+121","total":1890},"tests":{"total":598933},"day":"2020-04-19","time":"2020-04-19T11:45:07+00:00"},{"country":"Israel","cases":{"new":"+97","active":9627,"critical":156,"recovered":3564,"total":13362},"deaths":{"new":"+7","total":171},"tests":{"total":187250},"day":"2020-04-19","time":"2020-04-19T11:45:07+00:00"},{"country":"Ireland","cases":{"new":"+778","active":14110,"critical":294,"recovered":77,"total":14758},"deaths":{"new":"+41","total":571},"tests":{"total":90646},"day":"2020-04-19","time":"2020-04-19T11:45:07+00:00"},{"country":"Diamond-Princess-","cases":{"new":null,"active":82,"critical":10,"recovered":619,"total":712},"deaths":{"new":null,"total":11},"tests":{"total":null},"day":"2020-04-09","time":"2020-04-09T15:45:06+00:00"},{"country":"Luxembourg","cases":{"new":"+57","active":2864,"critical":32,"recovered":601,"total":3537},"deaths":{"new":null,"total":72},"tests":{"total":33252},"day":"2020-04-19","time":"2020-04-19T11:45:07+00:00"},{"country":"Pakistan","cases":{"new":"+355","active":5966,"critical":46,"recovered":1868,"total":7993},"deaths":{"new":"+16","total":159},"tests":{"total":98522},"day":"2020-04-19","time":"2020-04-19T11:45:07+00:00"},{"country":"Chile","cases":{"new":"+478","active":5569,"critical":360,"recovered":4035,"total":9730},"deaths":{"new":"+10","total":126},"tests":{"total":108891},"day":"2020-04-19","time":"2020-04-19T11:45:07+00:00"},{"country":"Poland","cases":{"new":"+340","active":7692,"critical":160,"recovered":1040,"total":9082},"deaths":{"new":"+3","total":350},"tests":{"total":192960},"day":"2020-04-19","time":"2020-04-19T11:45:07+00:00"},{"country":"Ecuador","cases":{"new":"+572","active":7558,"critical":168,"recovered":1008,"total":9022},"deaths":{"new":"+35","total":456},"tests":{"total":30922},"day":"2020-04-19","time":"2020-04-19T11:45:07+00:00"},{"country":"Greece","cases":{"new":"+11","active":1856,"critical":67,"recovered":269,"total":2235},"deaths":{"new":"+2","total":110},"tests":{"total":53290},"day":"2020-04-19","time":"2020-04-19T11:45:07+00:00"},{"country":"Finland","cases":{"new":"+102","active":1989,"critical":68,"recovered":1700,"total":3783},"deaths":{"new":"+4","total":94},"tests":{"total":57300},"day":"2020-04-19","time":"2020-04-19T11:45:07+00:00"},{"country":"Qatar","cases":{"new":"+440","active":4922,"critical":37,"recovered":518,"total":5448},"deaths":{"new":null,"total":8},"tests":{"total":62538},"day":"2020-04-19","time":"2020-04-19T11:45:07+00:00"},{"country":"Iceland","cases":{"new":"+6","active":460,"critical":3,"recovered":1291,"total":1760},"deaths":{"new":null,"total":9},"tests":{"total":41091},"day":"2020-04-19","time":"2020-04-19T11:45:07+00:00"},{"country":"Indonesia","cases":{"new":"+327","active":5307,"critical":0,"recovered":686,"total":6575},"deaths":{"new":"+47","total":582},"tests":{"total":42219},"day":"2020-04-19","time":"2020-04-19T11:45:07+00:00"},{"country":"Singapore","cases":{"new":"+596","active":5837,"critical":23,"recovered":740,"total":6588},"deaths":{"new":null,"total":11},"tests":{"total":94796},"day":"2020-04-19","time":"2020-04-19T11:45:07+00:00"},{"country":"Thailand","cases":{"new":"+32","active":790,"critical":61,"recovered":1928,"total":2765},"deaths":{"new":null,"total":47},"tests":{"total":100498},"day":"2020-04-19","time":"2020-04-19T11:45:07+00:00"},{"country":"Saudi-Arabia","cases":{"new":"+1132","active":6853,"critical":78,"recovered":1329,"total":8274},"deaths":{"new":"+5","total":92},"tests":{"total":150000},"day":"2020-04-19","time":"2020-04-19T11:45:07+00:00"},{"country":"Slovenia","cases":{"new":"+13","active":1064,"critical":26,"recovered":192,"total":1330},"deaths":{"new":"+4","total":74},"tests":{"total":41265},"day":"2020-04-19","time":"2020-04-19T11:45:07+00:00"},{"country":"Romania","cases":{"new":"+328","active":6420,"critical":256,"recovered":1892,"total":8746},"deaths":{"new":"+13","total":434},"tests":{"total":93611},"day":"2020-04-19","time":"2020-04-19T11:45:07+00:00"},{"country":"India","cases":{"new":null,"active":13378,"critical":0,"recovered":2466,"total":16365},"deaths":{"new":null,"total":521},"tests":{"total":372123},"day":"2020-04-19","time":"2020-04-19T11:45:07+00:00"},{"country":"Peru","cases":{"new":"+931","active":7388,"critical":117,"recovered":6684,"total":14420},"deaths":{"new":"+48","total":348},"tests":{"total":135895},"day":"2020-04-19","time":"2020-04-19T11:45:07+00:00"},{"country":"Bahrain","cases":{"new":"+33","active":1011,"critical":3,"recovered":755,"total":1773},"deaths":{"new":null,"total":7},"tests":{"total":82568},"day":"2020-04-19","time":"2020-04-19T11:45:07+00:00"},{"country":"Philippines","cases":{"new":"+172","active":5278,"critical":1,"recovered":572,"total":6259},"deaths":{"new":"+12","total":409},"tests":{"total":59928},"day":"2020-04-19","time":"2020-04-19T11:45:07+00:00"},{"country":"Russia","cases":{"new":"+6060","active":39201,"critical":8,"recovered":3291,"total":42853},"deaths":{"new":"+48","total":361},"tests":{"total":1940000},"day":"2020-04-19","time":"2020-04-19T11:45:07+00:00"},{"country":"Estonia","cases":{"new":"+16","active":1324,"critical":10,"recovered":164,"total":1528},"deaths":{"new":"+2","total":40},"tests":{"total":40333},"day":"2020-04-19","time":"2020-04-19T11:45:07+00:00"},{"country":"Egypt","cases":{"new":"+188","active":2107,"critical":0,"recovered":701,"total":3032},"deaths":{"new":"+19","total":224},"tests":{"total":55000},"day":"2020-04-19","time":"2020-04-19T11:45:07+00:00"},{"country":"Hong-Kong","cases":{"new":"+2","active":420,"critical":8,"recovered":602,"total":1026},"deaths":{"new":null,"total":4},"tests":{"total":131786},"day":"2020-04-19","time":"2020-04-19T11:45:07+00:00"},{"country":"South-Africa","cases":{"new":"+251","active":2079,"critical":36,"recovered":903,"total":3034},"deaths":{"new":"+2","total":52},"tests":{"total":108021},"day":"2020-04-19","time":"2020-04-19T11:45:07+00:00"},{"country":"Lebanon","cases":{"new":"+1","active":553,"critical":27,"recovered":99,"total":673},"deaths":{"new":null,"total":21},"tests":{"total":20929},"day":"2020-04-19","time":"2020-04-19T11:45:07+00:00"},{"country":"Iraq","cases":{"new":"+31","active":478,"critical":0,"recovered":953,"total":1513},"deaths":{"new":"+1","total":82},"tests":{"total":53955},"day":"2020-04-19","time":"2020-04-19T11:45:07+00:00"},{"country":"Croatia","cases":{"new":"+18","active":1178,"critical":27,"recovered":615,"total":1832},"deaths":{"new":"+3","total":39},"tests":{"total":21647},"day":"2020-04-19","time":"2020-04-19T11:45:07+00:00"},{"country":"Mexico","cases":{"new":"+622","active":4220,"critical":207,"recovered":2627,"total":7497},"deaths":{"new":"+104","total":650},"tests":{"total":49167},"day":"2020-04-19","time":"2020-04-19T11:45:07+00:00"},{"country":"Panama","cases":{"new":"+63","active":4013,"critical":96,"recovered":140,"total":4273},"deaths":{"new":"+4","total":120},"tests":{"total":19091},"day":"2020-04-19","time":"2020-04-19T11:45:07+00:00"},{"country":"Colombia","cases":{"new":"+182","active":2764,"critical":98,"recovered":691,"total":3621},"deaths":{"new":"+13","total":166},"tests":{"total":59002},"day":"2020-04-19","time":"2020-04-19T11:45:07+00:00"},{"country":"Slovakia","cases":{"new":"+72","active":920,"critical":10,"recovered":229,"total":1161},"deaths":{"new":"+1","total":12},"tests":{"total":44276},"day":"2020-04-19","time":"2020-04-19T11:45:07+00:00"},{"country":"Kuwait","cases":{"new":"+164","active":1603,"critical":38,"recovered":305,"total":1915},"deaths":{"new":"+1","total":7},"tests":{"total":null},"day":"2020-04-19","time":"2020-04-19T11:45:07+00:00"},{"country":"Serbia","cases":{"new":"+304","active":5240,"critical":126,"recovered":637,"total":5994},"deaths":{"new":"+7","total":117},"tests":{"total":36028},"day":"2020-04-19","time":"2020-04-19T11:45:07+00:00"},{"country":"Bulgaria","cases":{"new":"+6","active":681,"critical":35,"recovered":161,"total":884},"deaths":{"new":"+1","total":42},"tests":{"total":26417},"day":"2020-04-19","time":"2020-04-19T11:45:07+00:00"},{"country":"San-Marino","cases":{"new":"+6","active":362,"critical":4,"recovered":60,"total":461},"deaths":{"new":null,"total":39},"tests":{"total":1711},"day":"2020-04-19","time":"2020-04-19T11:45:07+00:00"},{"country":"Armenia","cases":{"new":"+43","active":726,"critical":30,"recovered":545,"total":1291},"deaths":{"new":null,"total":20},"tests":{"total":12680},"day":"2020-04-19","time":"2020-04-19T11:45:07+00:00"},{"country":"Argentina","cases":{"new":"+170","active":2022,"critical":127,"recovered":685,"total":2839},"deaths":{"new":"+9","total":132},"tests":{"total":30942},"day":"2020-04-19","time":"2020-04-19T11:45:07+00:00"},{"country":"Taiwan","cases":{"new":"+22","active":225,"critical":0,"recovered":189,"total":420},"deaths":{"new":null,"total":6},"tests":{"total":53005},"day":"2020-04-19","time":"2020-04-19T11:45:07+00:00"},{"country":"UAE","cases":{"new":"+479","active":5454,"critical":1,"recovered":1286,"total":6781},"deaths":{"new":"+4","total":41},"tests":{"total":767000},"day":"2020-04-19","time":"2020-04-19T11:45:07+00:00"},{"country":"Algeria","cases":{"new":null,"active":1273,"critical":60,"recovered":894,"total":2534},"deaths":{"new":null,"total":367},"tests":{"total":6500},"day":"2020-04-19","time":"2020-04-19T11:45:07+00:00"},{"country":"Latvia","cases":{"new":"+15","active":634,"critical":5,"recovered":88,"total":727},"deaths":{"new":null,"total":5},"tests":{"total":35881},"day":"2020-04-19","time":"2020-04-19T11:45:07+00:00"},{"country":"Costa-Rica","cases":{"new":"+6","active":554,"critical":10,"recovered":97,"total":655},"deaths":{"new":null,"total":4},"tests":{"total":10138},"day":"2020-04-19","time":"2020-04-19T11:45:07+00:00"},{"country":"Dominican-Republic","cases":{"new":"+209","active":3806,"critical":146,"recovered":312,"total":4335},"deaths":{"new":"+17","total":217},"tests":{"total":14373},"day":"2020-04-19","time":"2020-04-19T11:45:07+00:00"},{"country":"Uruguay","cases":{"new":"+15","active":210,"critical":14,"recovered":298,"total":517},"deaths":{"new":null,"total":9},"tests":{"total":12478},"day":"2020-04-19","time":"2020-04-19T11:45:07+00:00"},{"country":"Hungary","cases":{"new":"+82","active":1477,"critical":61,"recovered":250,"total":1916},"deaths":{"new":"+17","total":189},"tests":{"total":46353},"day":"2020-04-19","time":"2020-04-19T11:45:07+00:00"},{"country":"Jordan","cases":{"new":"+6","active":137,"critical":5,"recovered":269,"total":413},"deaths":{"new":null,"total":7},"tests":{"total":20500},"day":"2020-04-19","time":"2020-04-19T11:45:07+00:00"},{"country":"Lithuania","cases":{"new":"+59","active":1023,"critical":14,"recovered":242,"total":1298},"deaths":{"new":null,"total":33},"tests":{"total":64035},"day":"2020-04-19","time":"2020-04-19T11:45:07+00:00"},{"country":"Morocco","cases":{"new":"+135","active":2360,"critical":1,"recovered":322,"total":2820},"deaths":{"new":"+1","total":138},"tests":{"total":14189},"day":"2020-04-19","time":"2020-04-19T11:45:07+00:00"},{"country":"Vietnam","cases":{"new":null,"active":65,"critical":8,"recovered":203,"total":268},"deaths":{"new":null,"total":0},"tests":{"total":206253},"day":"2020-04-19","time":"2020-04-19T11:45:07+00:00"},{"country":"Bosnia-and-Herzegovina","cases":{"new":"+17","active":890,"critical":4,"recovered":347,"total":1285},"deaths":{"new":"+1","total":48},"tests":{"total":17818},"day":"2020-04-19","time":"2020-04-19T11:45:07+00:00"},{"country":"Faeroe-Islands","cases":{"new":"+1","active":9,"critical":0,"recovered":176,"total":185},"deaths":{"new":null,"total":0},"tests":{"total":6021},"day":"2020-04-19","time":"2020-04-19T11:45:07+00:00"},{"country":"Andorra","cases":{"new":"+8","active":464,"critical":17,"recovered":205,"total":704},"deaths":{"new":null,"total":35},"tests":{"total":1673},"day":"2020-04-19","time":"2020-04-19T11:45:07+00:00"},{"country":"North-Macedonia","cases":{"new":"+37","active":977,"critical":15,"recovered":179,"total":1207},"deaths":{"new":"+2","total":51},"tests":{"total":11870},"day":"2020-04-19","time":"2020-04-19T11:45:07+00:00"},{"country":"Cyprus","cases":{"new":"+11","active":670,"critical":8,"recovered":79,"total":761},"deaths":{"new":null,"total":12},"tests":{"total":32284},"day":"2020-04-19","time":"2020-04-19T11:45:07+00:00"},{"country":"Brunei","cases":{"new":"+1","active":22,"critical":2,"recovered":115,"total":138},"deaths":{"new":null,"total":1},"tests":{"total":11472},"day":"2020-04-19","time":"2020-04-19T11:45:07+00:00"},{"country":"Moldova","cases":{"new":null,"active":1833,"critical":80,"recovered":457,"total":2351},"deaths":{"new":"+4","total":61},"tests":{"total":9848},"day":"2020-04-19","time":"2020-04-19T11:45:07+00:00"},{"country":"Sri-Lanka","cases":{"new":"+2","active":158,"critical":1,"recovered":91,"total":256},"deaths":{"new":null,"total":7},"tests":{"total":4768},"day":"2020-04-19","time":"2020-04-19T11:45:07+00:00"},{"country":"Albania","cases":{"new":"+14","active":222,"critical":5,"recovered":314,"total":562},"deaths":{"new":null,"total":26},"tests":{"total":5542},"day":"2020-04-19","time":"2020-04-19T11:45:07+00:00"},{"country":"Belarus","cases":{"new":null,"active":4392,"critical":65,"recovered":342,"total":4779},"deaths":{"new":"+3","total":45},"tests":{"total":86813},"day":"2020-04-19","time":"2020-04-19T11:45:07+00:00"},{"country":"Malta","cases":{"new":"+1","active":306,"critical":2,"recovered":118,"total":427},"deaths":{"new":null,"total":3},"tests":{"total":23253},"day":"2020-04-19","time":"2020-04-19T11:45:07+00:00"},{"country":"Venezuela","cases":{"new":"+23","active":101,"critical":4,"recovered":117,"total":227},"deaths":{"new":null,"total":9},"tests":{"total":299714},"day":"2020-04-19","time":"2020-04-19T11:45:07+00:00"},{"country":"Burkina-Faso","cases":{"new":"+8","active":208,"critical":0,"recovered":321,"total":565},"deaths":{"new":"+1","total":36},"tests":{"total":null},"day":"2020-04-19","time":"2020-04-19T11:45:07+00:00"},{"country":"Tunisia","cases":{"new":null,"active":786,"critical":33,"recovered":43,"total":866},"deaths":{"new":null,"total":37},"tests":{"total":15332},"day":"2020-04-19","time":"2020-04-19T11:45:07+00:00"},{"country":"Guadeloupe","cases":{"new":"+3","active":67,"critical":13,"recovered":73,"total":148},"deaths":{"new":null,"total":8},"tests":{"total":null},"day":"2020-04-19","time":"2020-04-19T11:45:07+00:00"},{"country":"Senegal","cases":{"new":"+8","active":136,"critical":1,"recovered":211,"total":350},"deaths":{"new":"+1","total":3},"tests":{"total":null},"day":"2020-04-19","time":"2020-04-19T11:45:07+00:00"},{"country":"Kazakhstan","cases":{"new":"+46","active":1262,"critical":22,"recovered":382,"total":1661},"deaths":{"new":null,"total":17},"tests":{"total":100878},"day":"2020-04-19","time":"2020-04-19T11:45:07+00:00"},{"country":"Azerbaijan","cases":{"new":"+33","active":765,"critical":21,"recovered":590,"total":1373},"deaths":{"new":"+3","total":18},"tests":{"total":86607},"day":"2020-04-19","time":"2020-04-19T11:45:07+00:00"},{"country":"Cambodia","cases":{"new":null,"active":17,"critical":1,"recovered":105,"total":122},"deaths":{"new":null,"total":0},"tests":{"total":5768},"day":"2020-04-19","time":"2020-04-19T11:45:07+00:00"},{"country":"Palestine","cases":{"new":"+13","active":358,"critical":0,"recovered":71,"total":431},"deaths":{"new":null,"total":2},"tests":{"total":17329},"day":"2020-04-19","time":"2020-04-19T11:45:07+00:00"},{"country":"New-Zealand","cases":{"new":"+9","active":507,"critical":18,"recovered":912,"total":1431},"deaths":{"new":"+1","total":12},"tests":{"total":83224},"day":"2020-04-19","time":"2020-04-19T11:45:07+00:00"},{"country":"Oman","cases":{"new":"+86","active":1027,"critical":3,"recovered":233,"total":1266},"deaths":{"new":null,"total":6},"tests":{"total":null},"day":"2020-04-19","time":"2020-04-19T11:45:07+00:00"},{"country":"Georgia","cases":{"new":"+6","active":304,"critical":6,"recovered":86,"total":394},"deaths":{"new":null,"total":4},"tests":{"total":5027},"day":"2020-04-19","time":"2020-04-19T11:45:07+00:00"},{"country":"Trinidad-and-Tobago","cases":{"new":null,"active":85,"critical":0,"recovered":21,"total":114},"deaths":{"new":null,"total":8},"tests":{"total":1320},"day":"2020-04-19","time":"2020-04-19T11:45:07+00:00"},{"country":"Ukraine","cases":{"new":"+343","active":4961,"critical":45,"recovered":347,"total":5449},"deaths":{"new":"+8","total":141},"tests":{"total":57111},"day":"2020-04-19","time":"2020-04-19T11:45:07+00:00"},{"country":"R&eacute;union","cases":{"new":"+5","active":170,"critical":4,"recovered":237,"total":407},"deaths":{"new":null,"total":0},"tests":{"total":null},"day":"2020-04-19","time":"2020-04-19T11:45:07+00:00"},{"country":"Uzbekistan","cases":{"new":"+5","active":1276,"critical":8,"recovered":214,"total":1495},"deaths":{"new":null,"total":5},"tests":{"total":136000},"day":"2020-04-19","time":"2020-04-19T11:45:07+00:00"},{"country":"Cameroon","cases":{"new":"+21","active":670,"critical":33,"recovered":305,"total":1017},"deaths":{"new":"+20","total":42},"tests":{"total":null},"day":"2020-04-19","time":"2020-04-19T11:45:07+00:00"},{"country":"Martinique","cases":{"new":"+5","active":78,"critical":11,"recovered":73,"total":163},"deaths":{"new":"+4","total":12},"tests":{"total":null},"day":"2020-04-19","time":"2020-04-19T11:45:07+00:00"},{"country":"Liechtenstein","cases":{"new":"+1","active":23,"critical":0,"recovered":55,"total":79},"deaths":{"new":null,"total":1},"tests":{"total":900},"day":"2020-04-19","time":"2020-04-19T11:45:07+00:00"},{"country":"Channel-Islands","cases":{"new":"+14","active":390,"critical":0,"recovered":73,"total":484},"deaths":{"new":"+1","total":21},"tests":{"total":3320},"day":"2020-04-19","time":"2020-04-19T11:45:07+00:00"},{"country":"Bangladesh","cases":{"new":"+312","active":2290,"critical":1,"recovered":75,"total":2456},"deaths":{"new":"+7","total":91},"tests":{"total":23941},"day":"2020-04-19","time":"2020-04-19T11:45:07+00:00"},{"country":"Afghanistan","cases":{"new":"+60","active":830,"critical":0,"recovered":131,"total":993},"deaths":{"new":"+2","total":32},"tests":{"total":null},"day":"2020-04-19","time":"2020-04-19T11:45:07+00:00"},{"country":"Honduras","cases":{"new":"+15","active":411,"critical":10,"recovered":15,"total":472},"deaths":{"new":null,"total":46},"tests":{"total":2535},"day":"2020-04-19","time":"2020-04-19T11:45:07+00:00"},{"country":"DRC","cases":{"new":"+20","active":276,"critical":0,"recovered":26,"total":327},"deaths":{"new":null,"total":25},"tests":{"total":null},"day":"2020-04-19","time":"2020-04-19T11:45:07+00:00"},{"country":"Nigeria","cases":{"new":"+49","active":357,"critical":2,"recovered":166,"total":542},"deaths":{"new":"+2","total":19},"tests":{"total":7153},"day":"2020-04-19","time":"2020-04-19T11:45:07+00:00"},{"country":"Cuba","cases":{"new":"+63","active":727,"critical":15,"recovered":227,"total":986},"deaths":{"new":"+1","total":32},"tests":{"total":25309},"day":"2020-04-19","time":"2020-04-19T11:45:07+00:00"},{"country":"Ghana","cases":{"new":"+193","active":726,"critical":4,"recovered":99,"total":834},"deaths":{"new":"+1","total":9},"tests":{"total":60916},"day":"2020-04-19","time":"2020-04-19T11:45:07+00:00"},{"country":"Puerto-Rico","cases":{"new":"+8","active":36,"critical":0,"recovered":1,"total":39},"deaths":{"new":null,"total":2},"tests":{"total":null},"day":"2020-03-25","time":"2020-03-25T06:00:07+00:00"},{"country":"Jamaica","cases":{"new":"+10","active":143,"critical":0,"recovered":25,"total":173},"deaths":{"new":null,"total":5},"tests":{"total":1605},"day":"2020-04-19","time":"2020-04-19T11:45:07+00:00"},{"country":"Bolivia","cases":{"new":"+27","active":457,"critical":3,"recovered":31,"total":520},"deaths":{"new":"+1","total":32},"tests":{"total":3569},"day":"2020-04-19","time":"2020-04-19T11:45:07+00:00"},{"country":"Guyana","cases":{"new":"+8","active":48,"critical":4,"recovered":9,"total":63},"deaths":{"new":null,"total":6},"tests":{"total":283},"day":"2020-04-19","time":"2020-04-19T11:45:07+00:00"},{"country":"Paraguay","cases":{"new":"+4","active":157,"critical":1,"recovered":41,"total":206},"deaths":{"new":null,"total":8},"tests":{"total":4950},"day":"2020-04-19","time":"2020-04-19T11:45:07+00:00"},{"country":"Macao","cases":{"new":null,"active":29,"critical":1,"recovered":16,"total":45},"deaths":{"new":null,"total":0},"tests":{"total":null},"day":"2020-04-19","time":"2020-04-19T11:45:07+00:00"},{"country":"Monaco","cases":{"new":null,"active":69,"critical":3,"recovered":22,"total":94},"deaths":{"new":null,"total":3},"tests":{"total":null},"day":"2020-04-19","time":"2020-04-19T11:45:07+00:00"},{"country":"French-Guiana","cases":{"new":null,"active":32,"critical":2,"recovered":64,"total":96},"deaths":{"new":null,"total":0},"tests":{"total":null},"day":"2020-04-19","time":"2020-04-19T11:45:07+00:00"},{"country":"Guatemala","cases":{"new":"+22","active":229,"critical":3,"recovered":21,"total":257},"deaths":{"new":null,"total":7},"tests":{"total":7200},"day":"2020-04-19","time":"2020-04-19T11:45:07+00:00"},{"country":"Rwanda","cases":{"new":"+1","active":75,"critical":0,"recovered":69,"total":144},"deaths":{"new":null,"total":0},"tests":{"total":6237},"day":"2020-04-19","time":"2020-04-19T11:45:07+00:00"},{"country":"Montenegro","cases":{"new":"+1","active":248,"critical":7,"recovered":55,"total":308},"deaths":{"new":null,"total":5},"tests":{"total":3874},"day":"2020-04-19","time":"2020-04-19T11:45:07+00:00"},{"country":"Togo","cases":{"new":"+1","active":30,"critical":0,"recovered":49,"total":84},"deaths":{"new":null,"total":5},"tests":{"total":4191},"day":"2020-04-19","time":"2020-04-19T11:45:07+00:00"},{"country":"French-Polynesia","cases":{"new":null,"active":53,"critical":1,"recovered":2,"total":55},"deaths":{"new":null,"total":0},"tests":{"total":1302},"day":"2020-04-19","time":"2020-04-19T11:45:07+00:00"},{"country":"Guam","cases":{"new":"+3","active":31,"critical":0,"recovered":0,"total":32},"deaths":{"new":null,"total":1},"tests":{"total":null},"day":"2020-03-25","time":"2020-03-25T06:00:07+00:00"},{"country":"Mauritius","cases":{"new":"+1","active":136,"critical":3,"recovered":180,"total":325},"deaths":{"new":null,"total":9},"tests":{"total":9755},"day":"2020-04-19","time":"2020-04-19T11:45:07+00:00"},{"country":"Barbados","cases":{"new":null,"active":53,"critical":4,"recovered":17,"total":75},"deaths":{"new":null,"total":5},"tests":{"total":1000},"day":"2020-04-19","time":"2020-04-19T11:45:07+00:00"},{"country":"Ivory-Coast","cases":{"new":"+113","active":554,"critical":0,"recovered":239,"total":801},"deaths":{"new":"+2","total":8},"tests":{"total":null},"day":"2020-04-19","time":"2020-04-19T11:45:07+00:00"},{"country":"Kyrgyzstan","cases":{"new":"+48","active":416,"critical":5,"recovered":133,"total":554},"deaths":{"new":null,"total":5},"tests":{"total":26147},"day":"2020-04-19","time":"2020-04-19T11:45:07+00:00"},{"country":"Maldives","cases":{"new":"+16","active":35,"critical":0,"recovered":16,"total":51},"deaths":{"new":null,"total":0},"tests":{"total":3714},"day":"2020-04-19","time":"2020-04-19T11:45:07+00:00"},{"country":"Mayotte","cases":{"new":"+9","active":133,"critical":6,"recovered":117,"total":254},"deaths":{"new":null,"total":4},"tests":{"total":1800},"day":"2020-04-19","time":"2020-04-19T11:45:07+00:00"},{"country":"Gibraltar","cases":{"new":null,"active":21,"critical":1,"recovered":111,"total":132},"deaths":{"new":null,"total":0},"tests":{"total":1859},"day":"2020-04-19","time":"2020-04-19T11:45:07+00:00"},{"country":"Mongolia","cases":{"new":"+1","active":25,"critical":0,"recovered":7,"total":32},"deaths":{"new":null,"total":0},"tests":{"total":1554},"day":"2020-04-19","time":"2020-04-19T11:45:07+00:00"},{"country":"Ethiopia","cases":{"new":"+3","active":89,"critical":1,"recovered":16,"total":108},"deaths":{"new":null,"total":3},"tests":{"total":7557},"day":"2020-04-19","time":"2020-04-19T11:45:07+00:00"},{"country":"Kenya","cases":{"new":"+16","active":190,"critical":2,"recovered":60,"total":262},"deaths":{"new":"+1","total":12},"tests":{"total":10784},"day":"2020-04-19","time":"2020-04-19T11:45:07+00:00"},{"country":"Seychelles","cases":{"new":null,"active":6,"critical":0,"recovered":5,"total":11},"deaths":{"new":null,"total":0},"tests":{"total":null},"day":"2020-04-19","time":"2020-04-19T11:45:07+00:00"},{"country":"Equatorial-Guinea","cases":{"new":"+28","active":75,"critical":0,"recovered":4,"total":79},"deaths":{"new":null,"total":0},"tests":{"total":854},"day":"2020-04-19","time":"2020-04-19T11:45:07+00:00"},{"country":"Tanzania","cases":{"new":"+53","active":131,"critical":4,"recovered":11,"total":147},"deaths":{"new":"+1","total":5},"tests":{"total":null},"day":"2020-04-19","time":"2020-04-19T11:45:07+00:00"},{"country":"US-Virgin-Islands","cases":{"new":"+11","active":17,"critical":0,"recovered":0,"total":17},"deaths":{"new":null,"total":0},"tests":{"total":null},"day":"2020-03-25","time":"2020-03-25T06:00:07+00:00"},{"country":"Gabon","cases":{"new":"+28","active":100,"critical":0,"recovered":7,"total":108},"deaths":{"new":null,"total":1},"tests":{"total":572},"day":"2020-04-19","time":"2020-04-19T11:45:07+00:00"},{"country":"Aruba","cases":{"new":null,"active":50,"critical":4,"recovered":44,"total":96},"deaths":{"new":null,"total":2},"tests":{"total":1358},"day":"2020-04-19","time":"2020-04-19T11:45:07+00:00"},{"country":"Saint-Martin","cases":{"new":"+2","active":16,"critical":5,"recovered":19,"total":37},"deaths":{"new":null,"total":2},"tests":{"total":null},"day":"2020-04-19","time":"2020-04-19T11:45:07+00:00"},{"country":"Suriname","cases":{"new":null,"active":3,"critical":0,"recovered":6,"total":10},"deaths":{"new":null,"total":1},"tests":{"total":null},"day":"2020-04-19","time":"2020-04-19T11:45:07+00:00"},{"country":"Bahamas","cases":{"new":"+1","active":36,"critical":1,"recovered":10,"total":55},"deaths":{"new":null,"total":9},"tests":{"total":null},"day":"2020-04-19","time":"2020-04-19T11:45:07+00:00"},{"country":"New-Caledonia","cases":{"new":null,"active":3,"critical":1,"recovered":15,"total":18},"deaths":{"new":null,"total":0},"tests":{"total":3399},"day":"2020-04-19","time":"2020-04-19T11:45:07+00:00"},{"country":"Cayman-Islands","cases":{"new":"+1","active":53,"critical":3,"recovered":7,"total":61},"deaths":{"new":null,"total":1},"tests":{"total":702},"day":"2020-04-19","time":"2020-04-19T11:45:07+00:00"},{"country":"Cura&ccedil;ao","cases":{"new":null,"active":2,"critical":0,"recovered":11,"total":14},"deaths":{"new":null,"total":1},"tests":{"total":286},"day":"2020-04-19","time":"2020-04-19T11:45:07+00:00"},{"country":"Cabo-Verde","cases":{"new":"+2","active":56,"critical":0,"recovered":1,"total":58},"deaths":{"new":null,"total":1},"tests":{"total":null},"day":"2020-04-19","time":"2020-04-19T11:45:07+00:00"},{"country":"CAR","cases":{"new":"+1","active":8,"critical":0,"recovered":4,"total":12},"deaths":{"new":null,"total":0},"tests":{"total":null},"day":"2020-04-19","time":"2020-04-19T11:45:07+00:00"},{"country":"Congo","cases":{"new":"+26","active":126,"critical":0,"recovered":11,"total":143},"deaths":{"new":"+1","total":6},"tests":{"total":null},"day":"2020-04-19","time":"2020-04-19T11:45:07+00:00"},{"country":"El-Salvador","cases":{"new":"+11","active":150,"critical":1,"recovered":44,"total":201},"deaths":{"new":null,"total":7},"tests":{"total":11160},"day":"2020-04-19","time":"2020-04-19T11:45:07+00:00"},{"country":"Liberia","cases":{"new":"+17","active":62,"critical":0,"recovered":7,"total":76},"deaths":{"new":"+1","total":7},"tests":{"total":null},"day":"2020-04-19","time":"2020-04-19T11:45:07+00:00"},{"country":"Madagascar","cases":{"new":"+3","active":85,"critical":1,"recovered":35,"total":120},"deaths":{"new":null,"total":0},"tests":{"total":2357},"day":"2020-04-19","time":"2020-04-19T11:45:07+00:00"},{"country":"Namibia","cases":{"new":null,"active":10,"critical":0,"recovered":6,"total":16},"deaths":{"new":null,"total":0},"tests":{"total":499},"day":"2020-04-19","time":"2020-04-19T11:45:07+00:00"},{"country":"St-Barth","cases":{"new":null,"active":1,"critical":0,"recovered":5,"total":6},"deaths":{"new":null,"total":0},"tests":{"total":null},"day":"2020-04-19","time":"2020-04-19T11:45:07+00:00"},{"country":"Zimbabwe","cases":{"new":"+1","active":20,"critical":0,"recovered":2,"total":25},"deaths":{"new":null,"total":3},"tests":{"total":2626},"day":"2020-04-19","time":"2020-04-19T11:45:07+00:00"},{"country":"Sudan","cases":{"new":"+33","active":50,"critical":0,"recovered":6,"total":66},"deaths":{"new":"+4","total":10},"tests":{"total":null},"day":"2020-04-19","time":"2020-04-19T11:45:07+00:00"},{"country":"Angola","cases":{"new":"+5","active":16,"critical":0,"recovered":6,"total":24},"deaths":{"new":null,"total":2},"tests":{"total":null},"day":"2020-04-19","time":"2020-04-19T11:45:07+00:00"},{"country":"Benin","cases":{"new":null,"active":16,"critical":0,"recovered":18,"total":35},"deaths":{"new":null,"total":1},"tests":{"total":null},"day":"2020-04-19","time":"2020-04-19T11:45:07+00:00"},{"country":"Bermuda","cases":{"new":"+3","active":46,"critical":10,"recovered":35,"total":86},"deaths":{"new":null,"total":5},"tests":{"total":638},"day":"2020-04-19","time":"2020-04-19T11:45:07+00:00"},{"country":"Bhutan","cases":{"new":null,"active":3,"critical":0,"recovered":2,"total":5},"deaths":{"new":null,"total":0},"tests":{"total":8107},"day":"2020-04-19","time":"2020-04-19T11:45:07+00:00"},{"country":"Fiji","cases":{"new":"+1","active":17,"critical":0,"recovered":0,"total":17},"deaths":{"new":null,"total":0},"tests":{"total":null},"day":"2020-04-19","time":"2020-04-19T11:45:07+00:00"},{"country":"Greenland","cases":{"new":null,"active":0,"critical":0,"recovered":11,"total":11},"deaths":{"new":null,"total":0},"tests":{"total":1043},"day":"2020-04-19","time":"2020-04-19T11:45:07+00:00"},{"country":"Guinea","cases":{"new":"+41","active":450,"critical":0,"recovered":65,"total":518},"deaths":{"new":null,"total":3},"tests":{"total":null},"day":"2020-04-19","time":"2020-04-19T11:45:07+00:00"},{"country":"Haiti","cases":{"new":"+1","active":41,"critical":0,"recovered":0,"total":44},"deaths":{"new":null,"total":3},"tests":{"total":498},"day":"2020-04-19","time":"2020-04-19T11:45:07+00:00"},{"country":"Isle-of-Man","cases":{"new":"+6","active":111,"critical":11,"recovered":180,"total":297},"deaths":{"new":"+2","total":6},"tests":{"total":2414},"day":"2020-04-19","time":"2020-04-19T11:45:07+00:00"},{"country":"Mauritania","cases":{"new":null,"active":0,"critical":0,"recovered":6,"total":7},"deaths":{"new":null,"total":1},"tests":{"total":913},"day":"2020-04-19","time":"2020-04-19T11:45:07+00:00"},{"country":"Nicaragua","cases":{"new":null,"active":1,"critical":0,"recovered":6,"total":9},"deaths":{"new":"+1","total":2},"tests":{"total":null},"day":"2020-04-19","time":"2020-04-19T11:45:07+00:00"},{"country":"Saint-Lucia","cases":{"new":null,"active":4,"critical":0,"recovered":11,"total":15},"deaths":{"new":null,"total":0},"tests":{"total":344},"day":"2020-04-19","time":"2020-04-19T11:45:07+00:00"},{"country":"Zambia","cases":{"new":"+4","active":26,"critical":1,"recovered":33,"total":61},"deaths":{"new":null,"total":2},"tests":{"total":2191},"day":"2020-04-19","time":"2020-04-19T11:45:07+00:00"},{"country":"Nepal","cases":{"new":null,"active":27,"critical":0,"recovered":4,"total":31},"deaths":{"new":null,"total":0},"tests":{"total":27471},"day":"2020-04-19","time":"2020-04-19T11:45:07+00:00"},{"country":"Antigua-and-Barbuda","cases":{"new":null,"active":17,"critical":1,"recovered":3,"total":23},"deaths":{"new":"+1","total":3},"tests":{"total":73},"day":"2020-04-19","time":"2020-04-19T11:45:07+00:00"},{"country":"Chad","cases":{"new":"+6","active":25,"critical":0,"recovered":8,"total":33},"deaths":{"new":null,"total":0},"tests":{"total":null},"day":"2020-04-19","time":"2020-04-19T11:45:07+00:00"},{"country":"Djibouti","cases":{"new":"+141","active":654,"critical":0,"recovered":76,"total":732},"deaths":{"new":null,"total":2},"tests":{"total":7486},"day":"2020-04-19","time":"2020-04-19T11:45:07+00:00"},{"country":"Eritrea","cases":{"new":"+4","active":36,"critical":0,"recovered":3,"total":39},"deaths":{"new":null,"total":0},"tests":{"total":null},"day":"2020-04-19","time":"2020-04-19T11:45:07+00:00"},{"country":"Gambia","cases":{"new":null,"active":6,"critical":0,"recovered":2,"total":9},"deaths":{"new":null,"total":1},"tests":{"total":316},"day":"2020-04-19","time":"2020-04-19T11:45:07+00:00"},{"country":"Vatican-City","cases":{"new":"+1","active":6,"critical":0,"recovered":2,"total":8},"deaths":{"new":null,"total":0},"tests":{"total":null},"day":"2020-04-19","time":"2020-04-19T11:45:07+00:00"},{"country":"Montserrat","cases":{"new":null,"active":9,"critical":1,"recovered":2,"total":11},"deaths":{"new":null,"total":0},"tests":{"total":36},"day":"2020-04-19","time":"2020-04-19T11:45:07+00:00"},{"country":"Niger","cases":{"new":"+12","active":507,"critical":0,"recovered":113,"total":639},"deaths":{"new":"+1","total":19},"tests":{"total":4715},"day":"2020-04-19","time":"2020-04-19T11:45:07+00:00"},{"country":"Papua-New-Guinea","cases":{"new":"+5","active":7,"critical":0,"recovered":0,"total":7},"deaths":{"new":null,"total":0},"tests":{"total":167},"day":"2020-04-19","time":"2020-04-19T11:45:07+00:00"},{"country":"St-Vincent-Grenadines","cases":{"new":null,"active":11,"critical":0,"recovered":1,"total":12},"deaths":{"new":null,"total":0},"tests":{"total":87},"day":"2020-04-19","time":"2020-04-19T11:45:07+00:00"},{"country":"Sint-Maarten","cases":{"new":"+7","active":43,"critical":6,"recovered":12,"total":64},"deaths":{"new":null,"total":9},"tests":{"total":163},"day":"2020-04-19","time":"2020-04-19T11:45:07+00:00"},{"country":"Somalia","cases":{"new":"+19","active":126,"critical":2,"recovered":2,"total":135},"deaths":{"new":"+1","total":7},"tests":{"total":null},"day":"2020-04-19","time":"2020-04-19T11:45:07+00:00"},{"country":"Eswatini","cases":{"new":"+6","active":13,"critical":0,"recovered":8,"total":22},"deaths":{"new":null,"total":1},"tests":{"total":714},"day":"2020-04-19","time":"2020-04-19T11:45:07+00:00"},{"country":"Timor-Leste","cases":{"new":"+1","active":18,"critical":0,"recovered":1,"total":19},"deaths":{"new":null,"total":0},"tests":{"total":null},"day":"2020-04-19","time":"2020-04-19T11:45:07+00:00"},{"country":"Uganda","cases":{"new":null,"active":33,"critical":0,"recovered":22,"total":55},"deaths":{"new":null,"total":0},"tests":{"total":11101},"day":"2020-04-19","time":"2020-04-19T11:45:07+00:00"},{"country":"All","cases":{"new":"+17118","active":1581029,"critical":55145,"recovered":605718,"total":2347884},"deaths":{"new":"+1090","total":161137},"tests":{"total":null},"day":"2020-04-19","time":"2020-04-19T11:45:07+00:00"},{"country":"Mozambique","cases":{"new":"+1","active":31,"critical":0,"recovered":4,"total":35},"deaths":{"new":null,"total":0},"tests":{"total":952},"day":"2020-04-19","time":"2020-04-19T11:45:07+00:00"},{"country":"Syria","cases":{"new":"+5","active":31,"critical":0,"recovered":5,"total":38},"deaths":{"new":null,"total":2},"tests":{"total":null},"day":"2020-04-19","time":"2020-04-19T11:45:07+00:00"},{"country":"Grenada","cases":{"new":null,"active":8,"critical":4,"recovered":6,"total":14},"deaths":{"new":null,"total":0},"tests":{"total":92},"day":"2020-04-19","time":"2020-04-19T11:45:07+00:00"},{"country":"Dominica","cases":{"new":null,"active":8,"critical":0,"recovered":8,"total":16},"deaths":{"new":null,"total":0},"tests":{"total":345},"day":"2020-04-19","time":"2020-04-19T11:45:07+00:00"},{"country":"Turks-and-Caicos","cases":{"new":null,"active":10,"critical":0,"recovered":0,"total":11},"deaths":{"new":null,"total":1},"tests":{"total":83},"day":"2020-04-19","time":"2020-04-19T11:45:07+00:00"},{"country":"Belize","cases":{"new":null,"active":16,"critical":1,"recovered":0,"total":18},"deaths":{"new":null,"total":2},"tests":{"total":651},"day":"2020-04-19","time":"2020-04-19T11:45:07+00:00"},{"country":"Myanmar","cases":{"new":"+9","active":97,"critical":0,"recovered":5,"total":107},"deaths":{"new":null,"total":5},"tests":{"total":4152},"day":"2020-04-19","time":"2020-04-19T11:45:07+00:00"},{"country":"Laos","cases":{"new":null,"active":17,"critical":0,"recovered":2,"total":19},"deaths":{"new":null,"total":0},"tests":{"total":1333},"day":"2020-04-19","time":"2020-04-19T11:45:07+00:00"},{"country":"Libya","cases":{"new":null,"active":37,"critical":0,"recovered":11,"total":49},"deaths":{"new":null,"total":1},"tests":{"total":707},"day":"2020-04-19","time":"2020-04-19T11:45:07+00:00"},{"country":"Mali","cases":{"new":"+45","active":162,"critical":0,"recovered":41,"total":216},"deaths":{"new":null,"total":13},"tests":{"total":null},"day":"2020-04-19","time":"2020-04-19T11:45:07+00:00"},{"country":"Guinea-Bissau","cases":{"new":"+3","active":46,"critical":0,"recovered":0,"total":46},"deaths":{"new":null,"total":0},"tests":{"total":1500},"day":"2020-04-19","time":"2020-04-19T11:45:07+00:00"},{"country":"British-Virgin-Islands","cases":{"new":"+1","active":2,"critical":0,"recovered":2,"total":4},"deaths":{"new":null,"total":0},"tests":{"total":null},"day":"2020-04-19","time":"2020-04-19T11:45:07+00:00"},{"country":"Saint-Kitts-and-Nevis","cases":{"new":"+2","active":14,"critical":0,"recovered":0,"total":14},"deaths":{"new":null,"total":0},"tests":{"total":234},"day":"2020-04-19","time":"2020-04-19T11:45:07+00:00"},{"country":"Anguilla","cases":{"new":null,"active":2,"critical":0,"recovered":1,"total":3},"deaths":{"new":null,"total":0},"tests":{"total":null},"day":"2020-04-19","time":"2020-04-19T11:45:07+00:00"},{"country":"MS-Zaandam-","cases":{"new":"+7","active":7,"critical":0,"recovered":0,"total":9},"deaths":{"new":"+2","total":2},"tests":{"total":null},"day":"2020-04-09","time":"2020-04-09T15:45:06+00:00"},{"country":"MS-Zaandam","cases":{"new":null,"active":7,"critical":0,"recovered":0,"total":9},"deaths":{"new":null,"total":2},"tests":{"total":null},"day":"2020-04-19","time":"2020-04-19T11:45:07+00:00"},{"country":"Botswana","cases":{"new":"+5","active":19,"critical":0,"recovered":0,"total":20},"deaths":{"new":null,"total":1},"tests":{"total":3602},"day":"2020-04-19","time":"2020-04-19T11:45:07+00:00"},{"country":"Sierra-Leone","cases":{"new":"+4","active":30,"critical":0,"recovered":0,"total":30},"deaths":{"new":null,"total":0},"tests":{"total":null},"day":"2020-04-19","time":"2020-04-19T11:45:07+00:00"},{"country":"Burundi","cases":{"new":null,"active":4,"critical":0,"recovered":0,"total":5},"deaths":{"new":null,"total":1},"tests":{"total":80},"day":"2020-04-19","time":"2020-04-19T11:45:07+00:00"},{"country":"Caribbean-Netherlands","cases":{"new":"+1","active":3,"critical":0,"recovered":0,"total":3},"deaths":{"new":null,"total":0},"tests":{"total":10},"day":"2020-04-19","time":"2020-04-19T11:45:07+00:00"},{"country":"Malawi","cases":{"new":"+1","active":12,"critical":1,"recovered":3,"total":17},"deaths":{"new":null,"total":2},"tests":{"total":417},"day":"2020-04-19","time":"2020-04-19T11:45:07+00:00"},{"country":"Falkland-Islands","cases":{"new":null,"active":8,"critical":0,"recovered":3,"total":11},"deaths":{"new":null,"total":0},"tests":{"total":319},"day":"2020-04-19","time":"2020-04-19T11:45:07+00:00"},{"country":"Western-Sahara","cases":{"new":"+2","active":6,"critical":0,"recovered":0,"total":6},"deaths":{"new":null,"total":0},"tests":{"total":null},"day":"2020-04-19","time":"2020-04-19T11:45:07+00:00"},{"country":"South-Sudan","cases":{"new":"+1","active":4,"critical":0,"recovered":0,"total":4},"deaths":{"new":null,"total":0},"tests":{"total":null},"day":"2020-04-19","time":"2020-04-19T11:45:07+00:00"},{"country":"Saint-Pierre-Miquelon","cases":{"new":"+1","active":1,"critical":0,"recovered":0,"total":1},"deaths":{"new":null,"total":0},"tests":{"total":null},"day":"2020-04-19","time":"2020-04-19T11:45:07+00:00"},{"country":"Sao-Tome-and-Principe","cases":{"new":"+4","active":4,"critical":0,"recovered":0,"total":4},"deaths":{"new":null,"total":0},"tests":{"total":19},"day":"2020-04-19","time":"2020-04-19T11:45:07+00:00"},{"country":"North-America","cases":{"new":"+877","active":667259,"critical":14660,"recovered":83378,"total":792283},"deaths":{"new":"+109","total":41646},"tests":{"total":null},"day":"2020-04-19","time":"2020-04-19T11:45:07+00:00"},{"country":"Europe","cases":{"new":"+11024","active":665726,"critical":26325,"recovered":305275,"total":1071060},"deaths":{"new":"+781","total":100059},"tests":{"total":null},"day":"2020-04-19","time":"2020-04-19T11:45:07+00:00"},{"country":"Asia","cases":{"new":"+4787","active":182898,"critical":6358,"recovered":178086,"total":375571},"deaths":{"new":"+186","total":14587},"tests":{"total":null},"day":"2020-04-19","time":"2020-04-19T11:45:07+00:00"},{"country":"South-America","cases":{"new":"+234","active":46844,"critical":7532,"recovered":27698,"total":78207},"deaths":{"new":"+12","total":3665},"tests":{"total":null},"day":"2020-04-19","time":"2020-04-19T11:45:07+00:00"},{"country":"Oceania","cases":{"new":"+29","active":2893,"critical":68,"recovered":5159,"total":8134},"deaths":{"new":"+1","total":82},"tests":{"total":null},"day":"2020-04-19","time":"2020-04-19T11:45:07+00:00"},{"country":"Africa","cases":{"new":"+167","active":15347,"critical":195,"recovered":5478,"total":21908},"deaths":{"new":"+1","total":1083},"tests":{"total":null},"day":"2020-04-19","time":"2020-04-19T11:45:07+00:00"},{"country":"Diamond-Princess","cases":{"new":null,"active":55,"critical":7,"recovered":644,"total":712},"deaths":{"new":null,"total":13},"tests":{"total":null},"day":"2020-04-19","time":"2020-04-19T11:45:07+00:00"},{"country":"Yemen","cases":{"new":"+1","active":1,"critical":0,"recovered":0,"total":1},"deaths":{"new":null,"total":0},"tests":{"total":null},"day":"2020-04-19","time":"2020-04-19T11:45:07+00:00"}]}